,precision,recall,f1-score,support
Yes,0.8988491823137492,0.9048780487804878,0.9018535399574598,1640.0
No,0.8873027798647634,0.8893072289156626,0.8883038736367055,1328.0
"In the middle, neither yes nor no",0.4,0.275,0.32592592592592595,80.0
"Yes, subject to some conditions",0.8897338403041825,0.9,0.8948374760994264,260.0
Other,0.82,0.9761904761904762,0.8913043478260869,42.0
accuracy,,,0.8841791044776119,3350.0
macro avg,0.779177160496539,0.7890751507773254,0.7804450326891209,3350.0
weighted avg,0.8806631489952363,0.8841791044776119,0.8820519254293729,3350.0
