,precision,recall,f1-score,support
Yes,0.9110576923076923,0.9243902439024391,0.9176755447941888,1640.0
No,0.9030803906836965,0.9051204819277109,0.9040992854456563,1328.0
"In the middle, neither yes nor no",0.5,0.2875,0.36507936507936506,80.0
"Yes, subject to some conditions",0.9,0.9,0.9,260.0
Other,0.8163265306122449,0.9523809523809523,0.8791208791208791,42.0
accuracy,,,0.9,3350.0
macro avg,0.8060929227207267,0.7938783356422204,0.7931950148880178,3350.0
weighted avg,0.8960331607457548,0.9,0.8972421404966351,3350.0
